unit_id,requirement_id,module_id,level,level_label,title,sentence_text,requirement_text
SYS.1.1.A1.S07,SYS.1.1.A1,SYS.1.1,B,Basis,Zugriffsschutz und Nutzung,Als Arbeitsplatz genutzte IT-Systeme DÜRFEN NICHT als Server genutzt werden.,"Physische Server MÜSSEN an Orten betrieben werden, zu denen nur berechtigte Personen Zutritt haben. Physische Server MÜSSEN daher in Rechenzentren, Serverräumen oder abschließbaren Serverschränken aufgestellt beziehungsweise eingebaut werden (siehe hierzu die entsprechenden Bausteine der Schicht INF Infrastruktur). Bei virtualisierten Servern MUSS der Zugriff auf die Ressourcen der Instanz und deren Konfiguration ebenfalls auf die berechtigten Personen begrenzt werden. Server DÜRFEN NICHT als Arbeitsplatzrechner genutzt werden. Server DÜRFEN NICHT zur Erledigung von Aufgaben und Tätigkeiten verwendet werden, die grundsätzlich auf einem Client- System aus- und durchgeführt werden können. Insbesondere DÜRFEN vorhandene Anwendungen, wie Webbrowser, auf dem Server NICHT für das Abrufen von Informationen aus dem Internet oder das Herunterladen von Software, Treibern und Updates verwendet werden. Als Arbeitsplatz genutzte IT-Systeme DÜRFEN NICHT als Server genutzt werden."
SYS.1.1.A12.S02,SYS.1.1.A12,SYS.1.1,S,Standard,Planung des Server-Einsatzes,"Dabei SOLLTEN mindestens folgende Punkte berücksichtigt werden: • Auswahl der Plattform (Hardware oder virtualisierte Ressourcen), des Betriebssystems und der Anwendungssoftware, • Dimensionierung der Hardware (Leistung, Speicher, Bandbreite etc.), • Art und Anzahl der Kommunikationsschnittstellen, • Leistungsaufnahme, Wärmelast, Platzbedarf und Bauform, • administrative Zugänge (siehe SYS.1.1.A5 Schutz von Schnittstellen), • Zugriffe von Benutzenden, • Protokollierung (siehe SYS.1.1.A10 Protokollierung), • Aktualisierung von Betriebssystem und Anwendungen sowie • Einbindung ins System- und Netzmanagement, in die Datensicherung und die Schutzsysteme (Virenschutz, IDS etc.).","Jedes Server-System SOLLTE geeignet geplant werden. Dabei SOLLTEN mindestens folgende Punkte berücksichtigt werden: • Auswahl der Plattform (Hardware oder virtualisierte Ressourcen), des Betriebssystems und der Anwendungssoftware, • Dimensionierung der Hardware (Leistung, Speicher, Bandbreite etc.), • Art und Anzahl der Kommunikationsschnittstellen, • Leistungsaufnahme, Wärmelast, Platzbedarf und Bauform, • administrative Zugänge (siehe SYS.1.1.A5 Schutz von Schnittstellen), • Zugriffe von Benutzenden, • Protokollierung (siehe SYS.1.1.A10 Protokollierung), • Aktualisierung von Betriebssystem und Anwendungen sowie • Einbindung ins System- und Netzmanagement, in die Datensicherung und die Schutzsysteme (Virenschutz, IDS etc.). Alle Entscheidungen, die in der Planungsphase getroffen wurden, SOLLTEN so dokumentiert werden, dass sie zu einem späteren Zeitpunkt nachvollzogen werden können."
SYS.1.1.A33.S04,SYS.1.1.A33,SYS.1.1,H,Erhöhter Schutzbedarf,Aktive Verwaltung der Wurzelzertifikate,Es SOLLTEN alle auf dem IT-System vorhandenen Zertifikatsspeicher in die Prüfung einbezogen werden.,"Im Zuge der Beschaffung und Installation des Servers SOLLTE dokumentiert werden, welche Wurzelzertifikate für den Betrieb des Servers notwendig sind. Auf dem Server SOLLTEN lediglich die für den Betrieb notwendigen und vorab dokumentierten Wurzelzertifikate enthalten sein. Es SOLLTE regelmäßig überprüft werden, ob die vorhandenen Wurzelzertifikate noch den Vorgaben der Institution entsprechen. Es SOLLTEN alle auf dem IT-System vorhandenen Zertifikatsspeicher in die Prüfung einbezogen werden."
SYS.1.1.A5.S01,SYS.1.1.A5,SYS.1.1,B,Basis,Schutz von Schnittstellen,"Es MUSS gewährleistet werden, dass nur dafür vorgesehene Wechselspeicher und sonstige Geräte an die Server angeschlossen werden können.","Es MUSS gewährleistet werden, dass nur dafür vorgesehene Wechselspeicher und sonstige Geräte an die Server angeschlossen werden können. Alle Schnittstellen, die nicht verwendet werden, MÜSSEN deaktiviert werden."
SYS.1.1.A6.S01,SYS.1.1.A6,SYS.1.1,B,Basis,Deaktivierung nicht benötigter Dienste,"Alle nicht benötigten Serverrollen, Features und Funktionen, sonstige Software und Dienste MÜSSEN deaktiviert oder deinstalliert werden, vor allem Netzdienste.","Alle nicht benötigten Serverrollen, Features und Funktionen, sonstige Software und Dienste MÜSSEN deaktiviert oder deinstalliert werden, vor allem Netzdienste. Auch alle nicht benötigten Funktionen in der Firmware MÜSSEN deaktiviert werden. Die Empfehlungen des Betriebssystemherstellers SOLLTEN hierbei als Orientierung berücksichtigt werden. Auf Servern SOLLTE der Speicherplatz für die einzelnen Benutzenden, aber auch für Anwendungen, geeignet beschränkt werden. Die getroffenen Entscheidungen SOLLTEN so dokumentiert werden, dass nachvollzogen werden kann, welche Konfiguration und Softwareausstattung für die Server gewählt wurden."
SYS.1.2.2.A11.S02,SYS.1.2.2.A11,SYS.1.2.2,H,Erhöhter Schutzbedarf,Angriffserkennung bei Windows Server 2012,Verschlüsselte Partitionen SOLLTEN nach einer definierten Anzahl von Entschlüsselungsversuchen gesperrt werden.,Sicherheitsrelevante Ereignisse in Windows Server 2012 SOLLTEN an einem zentralen Punkt gesammelt und ausgewertet werden. Verschlüsselte Partitionen SOLLTEN nach einer definierten Anzahl von Entschlüsselungsversuchen gesperrt werden.
SYS.1.2.3.A2.S01,SYS.1.2.3.A2,SYS.1.2.3,B,Basis,Sichere Installation von Windows Server,"Wenn vom Funktionsumfang her ausreichend, MUSS die Server-Core-Variante installiert werden.","Wenn vom Funktionsumfang her ausreichend, MUSS die Server-Core-Variante installiert werden. Andernfalls MUSS begründet werden, warum die Server-Core-Variante nicht genügt."
SYS.1.3.A4.S01,SYS.1.3.A4,SYS.1.3,B,Basis,Schutz vor Ausnutzung von Schwachstellen in Anwendungen,"Um die Ausnutzung von Schwachstellen in Anwendungen zu erschweren, MUSS ASLR und DEP/NX im Kernel aktiviert und von den Anwendungen genutzt werden.","Um die Ausnutzung von Schwachstellen in Anwendungen zu erschweren, MUSS ASLR und DEP/NX im Kernel aktiviert und von den Anwendungen genutzt werden. Sicherheitsfunktionen des Kernels und der Standardbibliotheken, wie z. B. Heap- und Stackschutz, DÜRFEN NICHT deaktiviert werden."
SYS.1.5.A19.S03,SYS.1.5.A19,SYS.1.5,S,Standard,Regelmäßige Audits der Virtualisierungsinfrastruktur,Die Auditergebnisse SOLLTEN nachvollziehbar dokumentiert werden.,"Es SOLLTE regelmäßig auditiert werden, ob der Ist-Zustand der virtuellen Infrastruktur dem in der Planung festgelegten Zustand entspricht. Auch SOLLTE regelmäßig auditiert werden, ob die Konfiguration der virtuellen Komponenten die vorgegebene Standardkonfiguration einhält. Die Auditergebnisse SOLLTEN nachvollziehbar dokumentiert werden. Abweichungen SOLLTEN behoben werden."
SYS.1.6.A13.S01,SYS.1.6.A13,SYS.1.6,S,Standard,Freigabe von Images,Alle Images für den produktiven Betrieb SOLLTEN wie Softwareprodukte einen Test- und Freigabeprozess gemäß dem Baustein OPS.1.1.6 Software-Test und Freigaben durchlaufen.,Alle Images für den produktiven Betrieb SOLLTEN wie Softwareprodukte einen Test- und Freigabeprozess gemäß dem Baustein OPS.1.1.6 Software-Test und Freigaben durchlaufen.
SYS.1.6.A17.S01,SYS.1.6.A17,SYS.1.6,S,Standard,Ausführung von Containern ohne Privilegien,"Die Container-Runtime und alle instanziierten Container SOLLTEN nur von einem nicht- privilegierten System-Account ausgeführt werden, der über keine erweiterten Rechte für den Container-Dienst und das Betriebssystem des Host-Systems verfügt oder diese Rechte erlangen kann.","Die Container-Runtime und alle instanziierten Container SOLLTEN nur von einem nicht- privilegierten System-Account ausgeführt werden, der über keine erweiterten Rechte für den Container-Dienst und das Betriebssystem des Host-Systems verfügt oder diese Rechte erlangen kann. Die Container-Runtime SOLLTE durch zusätzliche Maßnahmen gekapselt werden, etwa durch Verwendung der Virtualisierungserweiterungen von CPUs. Sofern Container ausnahmsweise Aufgaben des Host-Systems übernehmen sollen, SOLLTEN die Privilegien auf dem Host-System auf das erforderliche Minimum begrenzt werden. Ausnahmen SOLLTEN angemessen dokumentiert werden."
SYS.1.6.A3.S01,SYS.1.6.A3,SYS.1.6,B,Basis,Sicherer Einsatz containerisierter IT-Systeme,"Bei containerisierten IT-Systemen MUSS berücksichtigt werden, wie sich eine Containerisierung auf die betriebenen IT-Systeme und Anwendungen auswirkt, dies betrifft insbesondere die Verwaltung und Eignung der Anwendungen.","Bei containerisierten IT-Systemen MUSS berücksichtigt werden, wie sich eine Containerisierung auf die betriebenen IT-Systeme und Anwendungen auswirkt, dies betrifft insbesondere die Verwaltung und Eignung der Anwendungen. Es MUSS anhand des Schutzbedarfs der Anwendungen geprüft werden, ob die Anforderungen an die Isolation und Kapselung der containerisierten IT-Systeme und der virtuellen Netze sowie der betriebenen Anwendungen hinreichend erfüllt sind. In diese Prüfung SOLLTEN die betriebssystemeigenen Mechanismen mit einbezogen werden. Für die virtuellen Netze nimmt der Host die Funktion einer Netzkomponente wahr, die Bausteine der Teilschichten NET.1 Netze und NET.3 Netzkomponenten MÜSSEN entsprechend berücksichtigt werden. Logische und Overlay-Netze MÜSSEN ebenfalls betrachtet und modelliert werden. Weiterhin MÜSSEN die eingesetzten containerisierten IT-Systeme den Anforderungen an die Verfügbarkeit und den Datendurchsatz genügen. Im laufenden Betrieb SOLLTEN die Performance und der Zustand der containerisierten IT-Systeme überwacht werden (sogenannte Health Checks)."
SYS.1.6.A3.S02,SYS.1.6.A3,SYS.1.6,B,Basis,Sicherer Einsatz containerisierter IT-Systeme,"Es MUSS anhand des Schutzbedarfs der Anwendungen geprüft werden, ob die Anforderungen an die Isolation und Kapselung der containerisierten IT-Systeme und der virtuellen Netze sowie der betriebenen Anwendungen hinreichend erfüllt sind.","Bei containerisierten IT-Systemen MUSS berücksichtigt werden, wie sich eine Containerisierung auf die betriebenen IT-Systeme und Anwendungen auswirkt, dies betrifft insbesondere die Verwaltung und Eignung der Anwendungen. Es MUSS anhand des Schutzbedarfs der Anwendungen geprüft werden, ob die Anforderungen an die Isolation und Kapselung der containerisierten IT-Systeme und der virtuellen Netze sowie der betriebenen Anwendungen hinreichend erfüllt sind. In diese Prüfung SOLLTEN die betriebssystemeigenen Mechanismen mit einbezogen werden. Für die virtuellen Netze nimmt der Host die Funktion einer Netzkomponente wahr, die Bausteine der Teilschichten NET.1 Netze und NET.3 Netzkomponenten MÜSSEN entsprechend berücksichtigt werden. Logische und Overlay-Netze MÜSSEN ebenfalls betrachtet und modelliert werden. Weiterhin MÜSSEN die eingesetzten containerisierten IT-Systeme den Anforderungen an die Verfügbarkeit und den Datendurchsatz genügen. Im laufenden Betrieb SOLLTEN die Performance und der Zustand der containerisierten IT-Systeme überwacht werden (sogenannte Health Checks)."
SYS.1.6.A3.S05,SYS.1.6.A3,SYS.1.6,B,Basis,Sicherer Einsatz containerisierter IT-Systeme,Logische und Overlay-Netze MÜSSEN ebenfalls betrachtet und modelliert werden.,"Bei containerisierten IT-Systemen MUSS berücksichtigt werden, wie sich eine Containerisierung auf die betriebenen IT-Systeme und Anwendungen auswirkt, dies betrifft insbesondere die Verwaltung und Eignung der Anwendungen. Es MUSS anhand des Schutzbedarfs der Anwendungen geprüft werden, ob die Anforderungen an die Isolation und Kapselung der containerisierten IT-Systeme und der virtuellen Netze sowie der betriebenen Anwendungen hinreichend erfüllt sind. In diese Prüfung SOLLTEN die betriebssystemeigenen Mechanismen mit einbezogen werden. Für die virtuellen Netze nimmt der Host die Funktion einer Netzkomponente wahr, die Bausteine der Teilschichten NET.1 Netze und NET.3 Netzkomponenten MÜSSEN entsprechend berücksichtigt werden. Logische und Overlay-Netze MÜSSEN ebenfalls betrachtet und modelliert werden. Weiterhin MÜSSEN die eingesetzten containerisierten IT-Systeme den Anforderungen an die Verfügbarkeit und den Datendurchsatz genügen. Im laufenden Betrieb SOLLTEN die Performance und der Zustand der containerisierten IT-Systeme überwacht werden (sogenannte Health Checks)."
SYS.1.6.A5.S03,SYS.1.6.A5,SYS.1.6,B,Basis,Separierung der Administrations- und Zugangsnetze bei Containern,Es SOLLTEN nur die für den Betrieb notwendigen Kommunikationsbeziehungen erlaubt werden.,"Die Netze für die Administration des Hosts, die Administration der Container und deren Zugangsnetze MÜSSEN dem Schutzbedarf angemessen separiert werden. Grundsätzlich SOLLTE mindestens die Administration des Hosts nur aus dem Administrationsnetz möglich sein. Es SOLLTEN nur die für den Betrieb notwendigen Kommunikationsbeziehungen erlaubt werden."
SYS.1.7.A1.S01,SYS.1.7.A1,SYS.1.7,B,Basis,Einsatz restriktiver z/OS-Kennungen,"Berechtigungen mit hoher Autorisierung DÜRFEN NUR an Benutzende vergeben werden, die diese Rechte für ihre Tätigkeiten benötigen.","Berechtigungen mit hoher Autorisierung DÜRFEN NUR an Benutzende vergeben werden, die diese Rechte für ihre Tätigkeiten benötigen. Insbesondere die RACF-Attribute SPECIAL, OPERATIONS, AUDITOR und die entsprechenden GROUP-Attribute sowie die User-ID 0 unter den Unix System Services (USS) MÜSSEN restriktiv gehandhabt werden. Die Vergabe und der Einsatz dieser Berechtigungen MÜSSEN nachvollziehbar sein. Die besondere Kennung IBMUSER DARF NUR bei der Neuinstallation zur Erzeugung von Kennungen mit Attribut SPECIAL benutzt werden. Diese Kennung MUSS danach dauerhaft gesperrt werden. Um zu vermeiden, dass Administrierende sich dauerhaft aussperren, MUSS ein Notfall-User-Verfahren eingerichtet werden."
SYS.1.7.A16.S05,SYS.1.7.A16,SYS.1.7,S,Standard,Überwachung von z/OS-Systemen,"Systemnachrichten SOLLTEN dabei so gefiltert werden, dass nur die wichtigen Nachrichten dargestellt werden.","Während des Betriebs SOLLTE das z/OS-System auf wichtige Meldungen, Ereignisse und die Einhaltung von Grenzwerten überwacht werden. Insbesondere Fehlermeldungen auf der HMC- Konsole, WTOR- und wichtige WTO-Nachrichten (Write To Operator/with Reply), System Tasks, Sicherheitsverletzungen, Kapazitätsgrenzen sowie die Systemauslastung SOLLTEN berücksichtigt werden. Für die Überwachung SOLLTEN außerdem mindestens die MCS-Konsole, die System Management Facility, das SYSLOG und die relevanten Protokolldaten der Anwendungen herangezogen werden. Es SOLLTE gewährleistet sein, dass alle wichtigen Meldungen zeitnah erkannt werden und, falls notwendig, in geeigneter Weise darauf reagiert wird. Systemnachrichten SOLLTEN dabei so gefiltert werden, dass nur die wichtigen Nachrichten dargestellt werden."
SYS.1.7.A21.S02,SYS.1.7.A21,SYS.1.7,S,Standard,Absicherung des Startvorgangs von z/OS-Systemen,"Außerdem SOLLTEN die erforderlichen Hardware- Konfigurationen vorliegen, wie die IOCDS-Datei (Input/Output Configuration Data Set) und die LPARs (Logical Partitions).","Die für den Startvorgang eines z/OS-Systems notwendigen Parameter SOLLTEN dokumentiert und dem Operating-Personal bekannt sein. Außerdem SOLLTEN die erforderlichen Hardware- Konfigurationen vorliegen, wie die IOCDS-Datei (Input/Output Configuration Data Set) und die LPARs (Logical Partitions). Eine z/OS-Master-Konsole und eine Backup-Konsole SOLLTEN definiert sein, um Nachrichten kontrollieren zu können. Nach dem Startvorgang SOLLTE anhand einer Prüfliste kontrolliert werden, ob der Systemstatus den Soll-Vorgaben entspricht. Darüber hinaus SOLLTE eine Fallback-Konfiguration vorgehalten werden, mit der das System vor der letzten Änderung erfolgreich gestartet worden ist."
SYS.1.7.A27.S03,SYS.1.7.A27,SYS.1.7,S,Standard,Zeichensatzkonvertierung bei z/OS-Systemen,"Bei der Übertragung von Programm-Quellcode SOLLTE geprüft werden, ob alle Zeichen richtig übersetzt wurden.","Wenn Textdateien zwischen z/OS-Systemen und anderen Systemen übertragen werden, SOLLTE darauf geachtet werden, dass eventuell eine Zeichensatzkonvertierung erforderlich ist. Dabei SOLLTE die korrekte Umsetzungstabelle verwendet werden. Bei der Übertragung von Programm-Quellcode SOLLTE geprüft werden, ob alle Zeichen richtig übersetzt wurden. Bei der Übertragung von Binärdaten SOLLTE hingegen sichergestellt sein, dass keine Zeichensatzkonvertierung stattfindet."
SYS.1.7.A37.S05,SYS.1.7.A37,SYS.1.7,H,Erhöhter Schutzbedarf,Parallel Sysplex unter z/OS,Die Couple Data Sets sowie alle sicherheitskritischen Programme und Kommandos zur Verwaltung des Sysplex SOLLTEN mittels RACF geschützt werden.,"Anhand der Verfügbarkeits- und Skalierbarkeitsanforderungen SOLLTE entschieden werden, ob ein Parallel Sysplex (Cluster von z/OS-Systemen) eingesetzt wird und gegebenenfalls welche Redundanzen dabei vorgesehen werden. Bei der Dimensionierung der Ressourcen SOLLTEN die Anforderungen der Anwendungen berücksichtigt werden. Die Software und die Definitionen der LPARs des Sysplex, einschließlich RACF, SOLLTEN synchronisiert oder als gemeinsam benutzte Dateien bereitgestellt sein. Es SOLLTE sichergestellt sein, dass alle LPARs des Sysplex auf die Couple Data Sets zugreifen können. Die Couple Data Sets sowie alle sicherheitskritischen Programme und Kommandos zur Verwaltung des Sysplex SOLLTEN mittels RACF geschützt werden. Außerdem SOLLTE ein GRS-Verbund (Global Resource Serialization) eingerichtet werden. Die Festplatten des Sysplexes SOLLTEN strikt von den Festplatten anderer Systeme getrennt werden. Der System Logger SOLLTE mit Staging Data Set eingesetzt werden."
SYS.1.9.A11.S03,SYS.1.9.A11,SYS.1.9,S,Standard,Sichere Konfiguration von Profilen,"Wenn Verbünde aus Terminalservern eingesetzt werden, SOLLTEN die Benutzendenprofile zentral abgelegt werden.","Benutzende SOLLTEN ihre spezifischen Einstellungen (Benutzendenprofile) NICHT derart ändern dürfen, dass die Informationssicherheit oder die Nutzung des Terminalservers eingeschränkt wird. Für die Benutzendenprofile SOLLTE eine geeignete maximale Größe festgelegt werden. Wenn Verbünde aus Terminalservern eingesetzt werden, SOLLTEN die Benutzendenprofile zentral abgelegt werden."
SYS.1.9.A14.S01,SYS.1.9.A14,SYS.1.9,S,Standard,Monitoring des Terminalservers,Der Terminalserver SOLLTE zentral überwacht werden.,"Der Terminalserver SOLLTE zentral überwacht werden. Hierfür SOLLTEN mindestens folgende Parameter überwacht werden: • Auslastung der Ressourcen des Terminalservers, • Auslastung der Netzschnittstellen des Terminalservers, • verfügbare und genutzte Bandbreite der verbundenen Clients sowie • Latenz an den verbundenen Clients unter Berücksichtigung der jeweiligen Anforderungsprofile. Für das Monitoring SOLLTEN vorab die jeweiligen Schwellwerte ermittelt werden (Baselining). Diese Schwellwerte SOLLTEN regelmäßig überprüft und bei Bedarf angepasst werden."
SYS.1.9.A20.S03,SYS.1.9.A20,SYS.1.9,H,Erhöhter Schutzbedarf,Unterschiedliche Terminalserver für unterschiedliche Gruppen von Benutzenden oder Geschäftsprozesse,"Ist dies nicht möglich, SOLLTEN dedizierte Terminalserver pro Geschäftsprozess eingesetzt werden.","Die Benutzenden von Terminalservern SOLLTEN anhand ähnlicher Berechtigungen und benötigter Anwendungen gruppiert werden. Ein Terminalserver SOLLTE NICHT mehreren Gruppen von Benutzenden zur Verfügung gestellt werden. Ist dies nicht möglich, SOLLTEN dedizierte Terminalserver pro Geschäftsprozess eingesetzt werden."
SYS.1.9.A8.S03,SYS.1.9.A8,SYS.1.9,B,Basis,Sichere Zuordnung des Terminalservers zu Netzsegmenten,Eine bestehende Netztrennung DARF NICHT über einen Terminalserver umgangen werden können.,Der Terminalserver MUSS in dedizierten Netzsegmenten oder in Client-Netzsegmenten positioniert werden. Innerhalb von Client-Netzsegmenten MÜSSEN Terminalserver identifizierbar sein. Eine bestehende Netztrennung DARF NICHT über einen Terminalserver umgangen werden können.
SYS.2.1.A11.S02,SYS.2.1.A11,SYS.2.1,S,Standard,Beschaffung von Clients,Die jeweiligen herstellenden Unternehmen von IT- und Betriebssystem SOLLTEN für den gesamten geplanten Nutzungszeitraum Patches für Schwachstellen zeitnah zur Verfügung stellen.,"Bevor Clients beschafft werden, SOLLTE eine Anforderungsliste erstellt werden, anhand derer die am Markt erhältlichen Produkte bewertet werden. Die jeweiligen herstellenden Unternehmen von IT- und Betriebssystem SOLLTEN für den gesamten geplanten Nutzungszeitraum Patches für Schwachstellen zeitnah zur Verfügung stellen. Auf Betriebssysteme, die über ein Rolling-Release-Modell aktualisiert werden, SOLLTE verzichtet werden. Die zu beschaffenden Systeme SOLLTEN über eine Firmware- Konfigurationsoberfläche für UEFI SecureBoot und, sofern vorhanden, für das TPM verfügen, die eine Kontrolle durch die Institution gewährleistet und so den selbstverwalteten Betrieb von SecureBoot und des TPM ermöglicht."
SYS.2.1.A21.S01,SYS.2.1.A21,SYS.2.1,S,Standard,Verhinderung der unautorisierten Nutzung von Rechnermikrofonen und Kameras,"Der Zugriff auf Mikrofon und Kamera eines Clients SOLLTE nur durch Benutzende selbst möglich sein, solange sie lokal am IT-System arbeiten.","Der Zugriff auf Mikrofon und Kamera eines Clients SOLLTE nur durch Benutzende selbst möglich sein, solange sie lokal am IT-System arbeiten. Wenn vorhandene Mikrofone oder Kameras nicht genutzt und deren Missbrauch verhindert werden soll, SOLLTEN diese, wenn möglich, ausgeschaltet, abgedeckt (nur Kamera), deaktiviert oder physisch vom Gerät getrennt werden. Es SOLLTE geregelt werden, wie Kameras und Mikrofone in Clients genutzt und wie die Rechte vergeben werden."
SYS.2.1.A23.S01,SYS.2.1.A23,SYS.2.1,S,Standard,Bevorzugung von Client-Server-Diensten,"Wenn möglich, SOLLTEN zum Informationsaustausch dedizierte Serverdienste genutzt und direkte Verbindungen zwischen Clients vermieden werden.","Wenn möglich, SOLLTEN zum Informationsaustausch dedizierte Serverdienste genutzt und direkte Verbindungen zwischen Clients vermieden werden. Falls dies nicht möglich ist, SOLLTE festgelegt werden, welche Client-zu-Client-Dienste (oft auch als „Peer-to-Peer“ bezeichnet) genutzt und welche Informationen darüber ausgetauscht werden dürfen. Falls erforderlich, SOLLTEN Benutzende für die Nutzung solcher Dienste geschult werden. Direkte Verbindungen zwischen Clients SOLLTEN sich nur auf das LAN beschränken. Auto-Discovery-Protokolle SOLLTEN auf das notwendige Maß beschränkt werden."
SYS.2.1.A31.S01,SYS.2.1.A31,SYS.2.1,H,Erhöhter Schutzbedarf,Einrichtung lokaler Paketfilter,"Auf jedem Client SOLLTEN, zusätzlich zu den eingesetzten zentralen Sicherheitsgateways, lokale Paketfilter eingesetzt werden.","Auf jedem Client SOLLTEN, zusätzlich zu den eingesetzten zentralen Sicherheitsgateways, lokale Paketfilter eingesetzt werden. Es SOLLTE eine Strategie zur Implementierung gewählt werden, die nur benötigte Netzkommunikation explizit erlaubt."
SYS.2.1.A35.S02,SYS.2.1.A35,SYS.2.1,H,Erhöhter Schutzbedarf,Aktive Verwaltung der Wurzelzertifikate,Auf dem Client SOLLTEN lediglich die für den Betrieb notwendigen und vorab dokumentierten Wurzelzertifikate enthalten sein.,"Im Zuge der Beschaffung und Installation des Clients SOLLTE dokumentiert werden, welche Wurzelzertifikate für den Betrieb des Clients notwendig sind. Auf dem Client SOLLTEN lediglich die für den Betrieb notwendigen und vorab dokumentierten Wurzelzertifikate enthalten sein. Es SOLLTE regelmäßig überprüft werden, ob die vorhandenen Wurzelzertifikate noch den Vorgaben der Institution entsprechen. Es SOLLTEN alle auf dem IT-System vorhandenen Zertifikatsspeicher in die Prüfung einbezogen werden (z. B. UEFI-Zertifikatsspeicher, Zertifikatsspeicher von Webbrowsern etc.)."
SYS.2.2.3.A24.S02,SYS.2.2.3.A24,SYS.2.2.3,H,Erhöhter Schutzbedarf,Aktivierung des Last-Access-Zeitstempels,"Bei der Prüfung SOLLTEN mögliche Auswirkungen dieser Einstellung, wie Performance-Aspekte oder resultierende Einschränkungen bei inkrementellen Backups, berücksichtigt werden.","Es SOLLTE geprüft werden, ob der Last-Access-Zeitstempel im Dateisystem aktiviert werden kann, um die Analyse eines Systemmissbrauchs zu erleichtern. Bei der Prüfung SOLLTEN mögliche Auswirkungen dieser Einstellung, wie Performance-Aspekte oder resultierende Einschränkungen bei inkrementellen Backups, berücksichtigt werden."
SYS.2.2.3.A25.S02,SYS.2.2.3.A25,SYS.2.2.3,H,Erhöhter Schutzbedarf,Umgang mit Fernzugriffsfunktionen der „Connected User Experience and Telemetry“,Ein solcher Fernzugriff auf den Windows-Client SOLLTE netzseitig geloggt und falls erforderlich geblockt werden.,"Es SOLLTE berücksichtigt werden, dass die Komponente „Connected User Experience and Telemetry“ (CUET) bei Windows fester Bestandteil des Betriebssystems ist und neben der Telemetriefunktion auch eine Fernzugriffsmöglichkeit für den Hersteller Microsoft auf das lokale System erlaubt. Ein solcher Fernzugriff auf den Windows-Client SOLLTE netzseitig geloggt und falls erforderlich geblockt werden."
SYS.2.3.A19.S04,SYS.2.3.A19,SYS.2.3,H,Erhöhter Schutzbedarf,Festplatten- oder Dateiverschlüsselung,Alternativ SOLLTE „dm-crypt“ in Kombination mit „dm- verity“ genutzt werden.,Festplatten oder die darauf abgespeicherten Dateien SOLLTEN verschlüsselt werden. Die dazugehörigen Schlüssel SOLLTEN NICHT auf dem IT-System gespeichert werden. Es SOLLTEN AEAD-Verfahren (Authenticated Encryption with Associated Data) bei der Festplatten- und Dateiverschlüsselung eingesetzt werden. Alternativ SOLLTE „dm-crypt“ in Kombination mit „dm- verity“ genutzt werden.
SYS.2.3.A2.S05,SYS.2.3.A2,SYS.2.3,B,Basis,Auswahl einer geeigneten Distribution,"Distributionen, bei denen das Betriebssystem selbst kompiliert wird, SOLLTEN NICHT in Produktivumgebungen eingesetzt werden.","Auf Grundlage der Sicherheitsanforderungen und des Einsatzzwecks MUSS ein geeignetes Unix- Derivat bzw. eine geeignete Linux-Distribution ausgewählt werden. Es MUSS für die geplante Einsatzdauer des Betriebssystems Support verfügbar sein. Alle benötigten Anwendungsprogramme SOLLTEN als Teil der Distribution direkt verfügbar sein. Sie SOLLTEN NUR in Ausnahmefällen aus Drittquellen bezogen werden. Distributionen, bei denen das Betriebssystem selbst kompiliert wird, SOLLTEN NICHT in Produktivumgebungen eingesetzt werden."
SYS.2.4.A1.S06,SYS.2.4.A1,SYS.2.4,B,Basis,Planung des sicheren Einsatzes von macOS,"Wird der Mac in einem Datennetz betrieben, MUSS zusätzlich berücksichtigt werden, welche Netzprotokolle eingesetzt werden sollen.","Die Einführung von macOS MUSS sorgfältig geplant werden. Es MUSS entschieden werden, wo und wie Daten abgelegt werden. Es MUSS geplant werden, wie die Datensicherung in das institutionsweite Datensicherungskonzept integriert werden kann. Es MUSS geplant werden, wie Sicherheits- und sonstige Aktualisierungen für macOS und Anwendungen systematisch installiert werden können. Es MUSS ermittelt werden, welche Anwendungen bei einem Plattformwechsel zu macOS benötigt werden. Wird der Mac in einem Datennetz betrieben, MUSS zusätzlich berücksichtigt werden, welche Netzprotokolle eingesetzt werden sollen."
SYS.2.4.A8.S02,SYS.2.4.A8,SYS.2.4,S,Standard,Keine Nutzung von iCloud für schützenswerte Daten,Stattdessen SOLLTEN Daten nur über selbst betriebene Dienste synchronisiert werden.,"Es SOLLTE verhindert werden, dass schützenswerte Daten zwischen mehreren Geräten über iCloud- Dienste synchronisiert werden. Stattdessen SOLLTEN Daten nur über selbst betriebene Dienste synchronisiert werden. Schützenswerte Daten SOLLTEN NICHT in iCloud gespeichert werden. Entwürfe, beispielsweise von E-Mails oder Dokumenten, SOLLTEN NICHT automatisch in iCloud gespeichert werden."
SYS.2.5.A12.S01,SYS.2.5.A12,SYS.2.5,S,Standard,Sensibilisierung der Benutzenden,Alle Benutzenden von virtuellen Clients SOLLTEN über den sicheren Umgang mit virtuellen Clients sensibilisiert werden.,"Alle Benutzenden von virtuellen Clients SOLLTEN über den sicheren Umgang mit virtuellen Clients sensibilisiert werden. Falls die Ressourcen dynamisch anhand der abgerufenen Leistung zwischen mehreren virtuellen Clients aufgeteilt werden, SOLLTEN die Benutzenden darüber aufgeklärt werden, dass ihr Verhalten potenziell andere Benutzende beeinflussen kann. Falls die Sicherheitsanforderungen der auf virtuellen Clients ausgeführten Anwendungen besonders sind, SOLLTE kommuniziert werden, wie diese gegenüber physischen Clients abweichen. Es SOLLTE auch kommuniziert werden, welche spezifischen Sicherheitsaspekte zu beachten sind."
SYS.2.5.A12.S02,SYS.2.5.A12,SYS.2.5,S,Standard,Sensibilisierung der Benutzenden,"Falls die Ressourcen dynamisch anhand der abgerufenen Leistung zwischen mehreren virtuellen Clients aufgeteilt werden, SOLLTEN die Benutzenden darüber aufgeklärt werden, dass ihr Verhalten potenziell andere Benutzende beeinflussen kann.","Alle Benutzenden von virtuellen Clients SOLLTEN über den sicheren Umgang mit virtuellen Clients sensibilisiert werden. Falls die Ressourcen dynamisch anhand der abgerufenen Leistung zwischen mehreren virtuellen Clients aufgeteilt werden, SOLLTEN die Benutzenden darüber aufgeklärt werden, dass ihr Verhalten potenziell andere Benutzende beeinflussen kann. Falls die Sicherheitsanforderungen der auf virtuellen Clients ausgeführten Anwendungen besonders sind, SOLLTE kommuniziert werden, wie diese gegenüber physischen Clients abweichen. Es SOLLTE auch kommuniziert werden, welche spezifischen Sicherheitsaspekte zu beachten sind."
SYS.2.6.A14.S02,SYS.2.6.A14,SYS.2.6,H,Erhöhter Schutzbedarf,Verwendung von nicht-persistenten virtuellen Clients,Diese Zeitfenster SOLLTEN dokumentiert und an die Betroffenen kommuniziert werden.,"Nachdem sie benutzt wurden oder zu einem definierten Zeitpunkt SOLLTEN die virtuellen Clients auf ihren Grundzustand, d. h. auf das zugrundeliegende Template, zurückgesetzt oder bei Bedarf neu provisioniert werden. Diese Zeitfenster SOLLTEN dokumentiert und an die Betroffenen kommuniziert werden. Nicht zurückgesetzte virtuelle Clients SOLLTEN NICHT von mehreren unterschiedlichen Benutzenden verwendet werden."
SYS.2.6.A7.S01,SYS.2.6.A7,SYS.2.6,S,Standard,Härtung der virtualisierten Clients durch die VDI-Lösung,Die Möglichkeiten der VDI-Lösung SOLLTEN für die Härtung der virtuellen Clients entsprechend den Anforderungen des Bausteins SYS.2.5 Client-Virtualisierung genutzt werden.,Die Möglichkeiten der VDI-Lösung SOLLTEN für die Härtung der virtuellen Clients entsprechend den Anforderungen des Bausteins SYS.2.5 Client-Virtualisierung genutzt werden. Die Betriebssysteme der Clients SOLLTEN ausschließlich über die Managementkomponente der VDI-Lösung konfiguriert werden. Eine individuelle Konfiguration bestehender virtueller Clients über die Virtualisierungsinfrastruktur SOLLTE mit technischen Mitteln unterbunden werden.
SYS.3.2.1.A7.S01,SYS.3.2.1.A7,SYS.3.2.1,B,Basis,Verhaltensregeln bei Sicherheitsvorfällen,"Gehen Geräte verloren oder werden unberechtigte Änderungen an Gerät und Software festgestellt, MÜSSEN die Benutzenden sofort die Zuständigen informieren.","Gehen Geräte verloren oder werden unberechtigte Änderungen an Gerät und Software festgestellt, MÜSSEN die Benutzenden sofort die Zuständigen informieren."
SYS.3.2.1.A9.S02,SYS.3.2.1.A9,SYS.3.2.1,S,Standard,Restriktive Nutzung von funktionalen Erweiterungen,"Wenn möglich, SOLLTE auf funktionale Erweiterungen verzichtet werden.","Funktionale Erweiterungen SOLLTEN nur restriktiv genutzt werden. Wenn möglich, SOLLTE auf funktionale Erweiterungen verzichtet werden. Die funktionalen Erweiterungen SOLLTEN keinen automatischen Zugriff auf schützenswerte Informationen haben. Sie SOLLTEN die festgelegte Grundkonfiguration nicht umgehen oder ändern können."
SYS.3.2.2.A21.S01,SYS.3.2.2.A21,SYS.3.2.2,S,Standard,Verwaltung von Zertifikaten,"Zertifikate zur Nutzung von Diensten auf dem mobilen Endgerät SOLLTEN zentral über das MDM installiert, deinstalliert und aktualisiert werden.","Zertifikate zur Nutzung von Diensten auf dem mobilen Endgerät SOLLTEN zentral über das MDM installiert, deinstalliert und aktualisiert werden. Die Installation von nicht vertrauenswürdigen und nicht verifizierbaren (Root-) Zertifikaten durch Benutzende SOLLTE durch das MDM verhindert werden. Das MDM SOLLTE Mechanismen unterstützen, um die Gültigkeit von Zertifikaten zu überprüfen."
SYS.3.3.A11.S02,SYS.3.3.A11,SYS.3.3,S,Standard,Ausfallvorsorge bei Mobiltelefonen,"Muss ein defektes Mobiltelefon repariert werden, SOLLTEN zuvor alle Daten gelöscht und das Gerät auf den Werkszustand zurückgesetzt werden.","Die auf einem Mobiltelefon gespeicherten Daten SOLLTEN in regelmäßigen Abständen auf einem externen Medium gesichert werden. Muss ein defektes Mobiltelefon repariert werden, SOLLTEN zuvor alle Daten gelöscht und das Gerät auf den Werkszustand zurückgesetzt werden. Es SOLLTEN immer Ersatzgeräte vorhanden sein, um ein ausgefallenes Mobiltelefon kurzfristig ersetzen zu können."
SYS.3.3.A12.S01,SYS.3.3.A12,SYS.3.3,S,Standard,Einrichtung eines Mobiltelefon-Pools,Bei häufig wechselnden Benutzenden dienstlicher Mobiltelefone SOLLTE eine Sammelaufbewahrung (Pool) eingerichtet werden.,"Bei häufig wechselnden Benutzenden dienstlicher Mobiltelefone SOLLTE eine Sammelaufbewahrung (Pool) eingerichtet werden. Die Ausgabe und Rücknahme von Mobiltelefonen und Zubehör SOLLTE dokumentiert werden. Vor der Ausgabe SOLLTE sichergestellt werden, dass die Mobiltelefone aufgeladen und mit den nötigen Programmen und Daten für die neuen Besitzenden ausgestattet sind. Zudem SOLLTEN die Benutzenden auf die Einhaltung der Sicherheitsleitlinie hingewiesen werden. Nachdem die Geräte wieder zurückgegeben wurden, SOLLTEN sie auf den Werkszustand zurückgesetzt werden."
SYS.3.3.A7.S01,SYS.3.3.A7,SYS.3.3,S,Standard,Beschaffung von Mobiltelefonen,"Bevor Mobiltelefone beschafft werden, SOLLTE eine Anforderungsliste erstellt werden.","Bevor Mobiltelefone beschafft werden, SOLLTE eine Anforderungsliste erstellt werden. Anhand der Anforderungsliste SOLLTEN die am Markt erhältlichen Produkte bewertet werden. Das Produkt SOLLTE danach ausgewählt werden, ob die Herstellenden für den geplanten Einsatzzeitraum Updates anbieten. Es SOLLTE gewährleistet werden, dass Ersatzteile wie Akkus und Ladegeräte in ausreichender Qualität nachbeschafft werden können."
SYS.4.1.A2.S04,SYS.4.1.A2,SYS.4.1,B,Basis,"Geeignete Aufstellung und Zugriff auf Drucker, Kopierer und Multifunktionsgeräte","Drucker, Kopierer und Multifunktionsgeräte MÜSSEN mit Gerätepasswörtern versehen sein, um so den Zugriff auf Webserver und Bedienfeld für die Administration zu sperren.","Der IT-Betrieb MUSS Drucker, Kopierer und Multifunktionsgeräte so aufstellen und absichern, dass nur befugte Personen die Geräte verwenden und auf verarbeitete Informationen zugreifen können. Außerdem MUSS sichergestellt sein, dass nur berechtigte Personen die Geräte administrieren, warten und reparieren können. Mit Dienstleistenden (z. B. für die Wartung) MÜSSEN schriftliche Vertraulichkeitsvereinbarungen getroffen werden. Drucker, Kopierer und Multifunktionsgeräte MÜSSEN mit Gerätepasswörtern versehen sein, um so den Zugriff auf Webserver und Bedienfeld für die Administration zu sperren. Diese MÜSSEN die Vorgaben des Identitäts- und Berechtigungsmanagements der Institution erfüllen."
SYS.4.3.A5.S02,SYS.4.3.A5,SYS.4.3,S,Standard,Schutz vor schädigenden Umwelteinflüssen bei eingebetteten Systemen,Die Anforderungen hierfür SOLLTEN bereits bei der Planung analysiert werden.,"Es SOLLTE sichergestellt werden, dass eingebettete Systeme entsprechend ihrer vorgesehenen Einsatzart und des vorgesehenen Einsatzorts angemessen vor schädigenden Umwelteinflüssen geschützt sind. Die Anforderungen hierfür SOLLTEN bereits bei der Planung analysiert werden. Zudem SOLLTE sichergestellt werden, dass die Vorkehrungen, um einzelne Komponenten vor Staub, Hitze, Nässe und Verschmutzung zu schützen, keine Probleme mit den Anforderungen des übergeordneten Systems verursachen."
SYS.4.4.A17.S01,SYS.4.4.A17,SYS.4.4,S,Standard,Überwachung des Netzverkehrs von IoT-Geräten,"Es SOLLTE überwacht werden, ob die IoT-Geräte oder Sensor-Systeme nur mit IT-Systemen kommunizieren, die für den Betrieb der IoT-Geräte notwendig sind.","Es SOLLTE überwacht werden, ob die IoT-Geräte oder Sensor-Systeme nur mit IT-Systemen kommunizieren, die für den Betrieb der IoT-Geräte notwendig sind."
SYS.4.4.A18.S02,SYS.4.4.A18,SYS.4.4,S,Standard,Protokollierung sicherheitsrelevanter Ereignisse bei IoT-Geräten,"Falls dies durch die IoT- Geräte selber nicht möglich ist, SOLLTEN hierfür Router oder Protokollmechanismen anderer IT- Systeme genutzt werden.","Sicherheitsrelevante Ereignisse SOLLTEN automatisch protokolliert werden. Falls dies durch die IoT- Geräte selber nicht möglich ist, SOLLTEN hierfür Router oder Protokollmechanismen anderer IT- Systeme genutzt werden. Die Protokolle SOLLTEN geeignet ausgewertet werden."
SYS.4.5.A14.S01,SYS.4.5.A14,SYS.4.5,H,Erhöhter Schutzbedarf,Sichere Versandart und Verpackung,"Die Institution SOLLTE überprüfen, wie vertrauliche Informationen bei einem Versand angemessen geschützt werden können.","Die Institution SOLLTE überprüfen, wie vertrauliche Informationen bei einem Versand angemessen geschützt werden können. Es SOLLTE eine sichere Versandverpackung für Wechseldatenträger verwendet werden, bei der Manipulationen sofort zu erkennen sind. Die Institution SOLLTE alle Beteiligten auf notwendige Versand- und Verpackungsarten hinweisen."
